schedule,steps K,cond. accuracy,confidence,diversity (L2),sampling time (s)
linear,1000,0.9580000638961792,0.9492520689964294,10.890483856201172,18.92883539199829
linear,500,0.9520000219345093,0.9394386410713196,10.924270629882812,9.482777833938599
linear,250,0.940000057220459,0.9334148168563843,10.928702354431152,4.74308705329895
linear,100,0.956000030040741,0.9469709396362305,10.693434715270996,1.8979260921478271
linear,50,0.9440000653266907,0.9372473955154419,10.48803997039795,0.9490907192230225
linear,25,0.9620000720024109,0.9466519355773926,10.339552879333496,0.47399401664733887
linear,10,0.9040000438690186,0.84950190782547,10.984495162963867,0.1902010440826416
cosine,1000,0.9220000505447388,0.9189438819885254,12.014249801635742,18.948179483413696
cosine,500,0.9160000681877136,0.9035193920135498,12.103117942810059,9.46083378791809
cosine,250,0.706000030040741,0.6798047423362732,11.751481056213379,4.728900671005249
cosine,100,0.1380000114440918,0.13341335952281952,7.3155035972595215,1.8911683559417725
cosine,50,0.10000000149011612,0.10232917964458466,7.063908576965332,0.9451456069946289
cosine,25,0.10200000554323196,0.09526805579662323,5.411415100097656,0.4731001853942871
cosine,10,0.10000000149011612,0.10108282417058945,7.128013610839844,0.1902451515197754
